date,1 Mo,2 Mo,3 Mo,4 Mo,6 Mo,1 Yr,2 Yr,3 Yr,5 Yr,7 Yr,10 Yr,20 Yr,30 Yr
2022-07-19,1.93,2.29,2.52,,3.06,3.18,3.23,3.22,3.14,3.11,3.01,3.42,3.17
2022-07-20,1.92,2.29,2.51,,3.04,3.18,3.25,3.25,3.18,3.15,3.04,3.43,3.17
2022-07-21,2.15,2.3,2.48,,3.0,3.11,3.1,3.07,3.0,2.99,2.91,3.33,3.08
2022-07-22,2.15,2.29,2.49,,2.97,3.01,2.98,2.93,2.87,2.85,2.77,3.23,3.0
2022-07-25,2.14,2.31,2.62,,3.06,3.07,3.0,2.98,2.89,2.89,2.81,3.28,3.04
2022-07-26,2.17,2.35,2.55,,3.01,3.06,3.02,3.01,2.89,2.88,2.81,3.27,3.03
2022-07-27,2.14,2.3,2.44,,2.93,3.0,2.96,2.93,2.82,2.83,2.78,3.26,3.03
2022-07-28,2.2,2.3,2.42,,2.9,2.93,2.85,2.81,2.69,2.69,2.68,3.23,3.02
2022-07-29,2.22,2.28,2.41,,2.91,2.98,2.89,2.83,2.7,2.7,2.67,3.2,3.0
2022-08-01,2.22,2.33,2.56,,2.96,2.98,2.9,2.82,2.66,2.64,2.6,3.12,2.92
2022-08-02,2.22,2.33,2.56,,3.0,3.09,3.06,3.02,2.85,2.82,2.75,3.22,3.0
2022-08-03,2.2,2.29,2.52,,3.0,3.14,3.1,3.04,2.86,2.81,2.73,3.17,2.96
2022-08-04,2.19,2.36,2.5,,2.98,3.11,3.03,2.95,2.76,2.73,2.68,3.15,2.97
2022-08-05,2.21,2.39,2.58,,3.1,3.29,3.24,3.18,2.97,2.91,2.83,3.27,3.06
2022-08-08,2.23,2.43,2.65,,3.15,3.3,3.21,3.14,2.91,2.85,2.77,3.22,3.0
2022-08-09,2.23,2.43,2.67,,3.16,3.33,3.28,3.2,2.97,2.89,2.8,3.24,3.01
2022-08-10,2.24,2.43,2.65,,3.13,3.26,3.23,3.13,2.93,2.86,2.78,3.27,3.04
2022-08-11,2.24,2.51,2.62,,3.08,3.25,3.23,3.16,2.98,2.94,2.87,3.38,3.15
2022-08-12,2.23,2.5,2.63,,3.13,3.26,3.25,3.18,2.97,2.92,2.84,3.34,3.12
2022-08-15,2.27,2.53,2.72,,3.13,3.23,3.2,3.14,2.91,2.86,2.79,3.31,3.1
2022-08-16,2.26,2.51,2.7,,3.12,3.26,3.25,3.19,2.95,2.9,2.82,3.31,3.11
2022-08-17,2.22,2.51,2.68,,3.15,3.27,3.28,3.27,3.04,2.99,2.89,3.37,3.15
2022-08-18,2.23,2.56,2.71,,3.12,3.24,3.22,3.23,3.02,2.97,2.88,3.35,3.14
2022-08-19,2.23,2.6,2.74,,3.16,3.26,3.25,3.28,3.11,3.06,2.98,3.44,3.22
2022-08-22,2.27,2.6,2.82,,3.23,3.32,3.32,3.36,3.17,3.12,3.03,3.48,3.24
2022-08-23,2.28,2.6,2.8,,3.21,3.29,3.29,3.35,3.18,3.14,3.05,3.49,3.26
2022-08-24,2.29,2.62,2.82,,3.28,3.35,3.36,3.4,3.2,3.2,3.11,3.55,3.32
2022-08-25,2.42,2.7,2.88,,3.25,3.33,3.35,3.37,3.15,3.11,3.03,3.47,3.25
2022-08-26,2.39,2.69,2.89,,3.26,3.36,3.37,3.4,3.2,3.14,3.04,3.44,3.21
2022-08-29,2.45,2.75,2.97,,3.32,3.43,3.42,3.45,3.27,3.21,3.12,3.5,3.25
2022-08-30,2.43,2.73,2.97,,3.31,3.48,3.46,3.47,3.27,3.22,3.11,3.49,3.23
2022-08-31,2.4,2.72,2.96,,3.32,3.5,3.45,3.46,3.3,3.25,3.15,3.53,3.27
2022-09-01,2.53,2.8,2.97,,3.34,3.51,3.51,3.54,3.39,3.36,3.26,3.64,3.37
2022-09-02,2.49,2.79,2.94,,3.33,3.47,3.4,3.44,3.3,3.29,3.2,3.61,3.35
2022-09-06,2.44,2.82,3.04,,3.4,3.61,3.5,3.55,3.43,3.41,3.33,3.74,3.49
2022-09-07,2.3,2.8,3.07,,3.42,3.6,3.45,3.5,3.37,3.35,3.27,3.67,3.42
2022-09-08,2.57,2.86,3.06,,3.44,3.6,3.48,3.54,3.39,3.37,3.29,3.69,3.45
2022-09-09,2.57,2.88,3.08,,3.52,3.67,3.56,3.61,3.45,3.42,3.33,3.71,3.47
2022-09-12,2.62,2.93,3.17,,3.56,3.7,3.58,3.6,3.47,3.45,3.37,3.76,3.53
2022-09-13,2.55,2.95,3.28,,3.75,3.92,3.75,3.75,3.58,3.53,3.42,3.75,3.51
2022-09-14,2.54,2.95,3.24,,3.76,3.95,3.78,3.79,3.6,3.52,3.41,3.73,3.47
2022-09-15,2.76,3.03,3.22,,3.78,4.0,3.87,3.85,3.66,3.59,3.45,3.75,3.48
2022-09-16,2.68,3.01,3.2,,3.77,3.96,3.85,3.81,3.62,3.56,3.45,3.79,3.52
2022-09-19,2.62,3.02,3.37,,3.87,4.05,3.95,3.9,3.69,3.62,3.49,3.77,3.52
2022-09-20,2.57,3.05,3.35,,3.86,4.03,3.96,3.94,3.75,3.69,3.57,3.83,3.59
2022-09-21,2.59,3.06,3.31,,3.86,4.08,4.02,3.98,3.74,3.65,3.51,3.73,3.5
2022-09-22,2.73,3.09,3.29,,3.87,4.08,4.11,4.12,3.91,3.84,3.7,3.9,3.65
2022-09-23,2.67,3.07,3.24,,3.85,4.15,4.2,4.21,3.96,3.85,3.69,3.87,3.61
2022-09-26,2.73,3.14,3.39,,3.95,4.17,4.27,4.37,4.15,4.06,3.88,4.01,3.72
2022-09-27,2.71,3.14,3.35,,3.91,4.16,4.3,4.39,4.21,4.14,3.97,4.15,3.87
2022-09-28,2.63,3.14,3.4,,3.87,3.99,4.07,4.12,3.92,3.83,3.72,3.98,3.7
2022-09-29,2.78,3.2,3.36,,3.87,3.98,4.16,4.19,3.98,3.89,3.76,4.0,3.71
2022-09-30,2.79,3.2,3.33,,3.92,4.05,4.22,4.25,4.06,3.97,3.83,4.08,3.79
2022-10-03,2.87,3.26,3.46,,3.97,4.01,4.12,4.12,3.9,3.79,3.67,4.0,3.73
2022-10-04,2.91,3.23,3.45,,3.98,4.15,4.1,4.08,3.84,3.73,3.62,3.95,3.7
2022-10-05,2.89,3.22,3.46,,4.0,4.14,4.15,4.17,3.96,3.87,3.76,4.05,3.78
2022-10-06,3.05,3.34,3.46,,4.04,4.19,4.23,4.24,4.05,3.95,3.83,4.08,3.81
2022-10-07,3.03,3.34,3.45,,4.09,4.24,4.3,4.33,4.14,4.03,3.89,4.13,3.86
2022-10-11,3.07,3.43,3.67,,4.17,4.28,4.3,4.31,4.14,4.06,3.93,4.19,3.92
2022-10-12,3.07,3.45,3.7,,4.16,4.28,4.28,4.29,4.12,4.03,3.91,4.18,3.9
2022-10-13,3.35,3.6,3.79,,4.3,4.46,4.47,4.44,4.21,4.11,3.97,4.25,3.97
2022-10-14,3.3,3.61,3.81,,4.31,4.5,4.48,4.47,4.25,4.15,4.0,4.26,3.99
2022-10-17,3.3,3.66,3.97,,4.38,4.5,4.45,4.45,4.24,4.15,4.02,4.29,4.04
2022-10-18,3.25,3.7,4.04,,4.39,4.5,4.43,4.43,4.21,4.12,4.01,4.27,4.04
2022-10-19,3.31,3.72,4.07,4.32,4.45,4.6,4.55,4.56,4.35,4.26,4.14,4.38,4.15
2022-10-20,3.58,3.83,4.09,4.33,4.48,4.66,4.62,4.66,4.45,4.36,4.24,4.47,4.24
2022-10-21,3.55,3.78,4.09,4.31,4.43,4.58,4.49,4.52,4.34,4.28,4.21,4.54,4.33
2022-10-24,3.57,3.83,4.16,4.33,4.52,4.61,4.5,4.52,4.36,4.31,4.25,4.59,4.4
2022-10-25,3.56,3.81,4.14,4.32,4.5,4.6,4.42,4.45,4.25,4.17,4.1,4.45,4.26
2022-10-26,3.54,3.85,4.11,4.27,4.47,4.54,4.39,4.41,4.2,4.12,4.04,4.38,4.19
2022-10-27,3.76,3.95,4.13,4.27,4.44,4.5,4.3,4.29,4.09,4.01,3.96,4.32,4.12
2022-10-28,3.75,3.95,4.18,4.3,4.51,4.55,4.41,4.38,4.19,4.1,4.02,4.38,4.15
2022-10-31,3.73,4.0,4.22,4.33,4.57,4.66,4.51,4.45,4.27,4.18,4.1,4.44,4.22
2022-11-01,3.72,4.0,4.23,4.35,4.58,4.75,4.54,4.48,4.27,4.18,4.07,4.37,4.14
2022-11-02,3.7,4.01,4.22,4.38,4.57,4.76,4.61,4.54,4.3,4.2,4.1,4.41,4.15
2022-11-03,3.75,4.04,4.25,4.38,4.57,4.78,4.71,4.63,4.36,4.26,4.14,4.42,4.18
2022-11-04,3.73,4.0,4.21,4.36,4.55,4.76,4.66,4.58,4.33,4.26,4.17,4.49,4.27
2022-11-07,3.78,4.04,4.29,4.39,4.62,4.8,4.72,4.63,4.39,4.31,4.22,4.55,4.34
2022-11-08,3.66,4.04,4.28,4.39,4.6,4.77,4.67,4.55,4.31,4.22,4.14,4.47,4.28
2022-11-09,3.65,4.05,4.29,4.4,4.59,4.75,4.61,4.49,4.27,4.2,4.12,4.5,4.31
2022-11-10,3.71,4.0,4.28,4.36,4.52,4.59,4.34,4.17,3.95,3.89,3.82,4.24,4.03
2022-11-14,3.72,4.05,4.34,4.38,4.55,4.63,4.4,4.24,4.0,3.95,3.88,4.28,4.07
2022-11-15,3.77,4.1,4.31,4.4,4.54,4.6,4.37,4.17,3.93,3.88,3.8,4.2,3.98
2022-11-16,3.81,4.15,4.32,4.43,4.54,4.62,4.35,4.13,3.83,3.77,3.67,4.03,3.85
2022-11-17,3.93,4.2,4.32,4.44,4.57,4.68,4.43,4.22,3.93,3.87,3.77,4.1,3.89
2022-11-18,3.93,4.23,4.34,4.46,4.61,4.74,4.51,4.28,3.99,3.92,3.82,4.13,3.92
2022-11-21,3.97,4.24,4.41,4.47,4.65,4.75,4.48,4.32,3.97,3.94,3.83,4.14,3.91
2022-11-22,3.97,4.26,4.4,4.49,4.68,4.79,4.47,4.27,3.93,3.86,3.76,4.05,3.83
2022-11-23,4.12,4.29,4.4,4.5,4.67,4.75,4.46,4.23,3.88,3.81,3.71,3.97,3.74
2022-11-25,4.16,4.33,4.41,4.52,4.67,4.76,4.42,4.2,3.85,3.78,3.68,3.97,3.74
2022-11-28,4.11,4.29,4.41,4.52,4.72,4.76,4.46,4.22,3.88,3.8,3.69,3.97,3.74
2022-11-29,4.08,4.26,4.38,4.51,4.72,4.78,4.48,4.24,3.92,3.85,3.75,4.02,3.81
2022-11-30,4.07,4.25,4.37,4.55,4.7,4.74,4.38,4.13,3.82,3.76,3.68,4.0,3.8
2022-12-01,4.04,4.24,4.33,4.52,4.65,4.66,4.25,3.98,3.68,3.62,3.53,3.85,3.64
2022-12-02,3.91,4.25,4.34,4.52,4.65,4.69,4.28,3.99,3.67,3.61,3.51,3.79,3.56
2022-12-05,3.93,4.25,4.36,4.56,4.73,4.77,4.41,4.13,3.8,3.72,3.6,3.84,3.62
2022-12-06,3.87,4.19,4.37,4.54,4.74,4.73,4.34,4.07,3.73,3.64,3.51,3.77,3.52
2022-12-07,3.79,4.1,4.29,4.53,4.72,4.67,4.26,3.97,3.62,3.54,3.42,3.66,3.42
2022-12-08,3.75,4.11,4.28,4.53,4.71,4.71,4.31,4.04,3.71,3.63,3.48,3.71,3.44
2022-12-09,3.81,4.13,4.31,4.54,4.72,4.72,4.33,4.07,3.75,3.69,3.57,3.82,3.56
2022-12-12,3.86,4.18,4.38,4.6,4.78,4.75,4.39,4.1,3.8,3.73,3.61,3.84,3.57
2022-12-13,3.89,4.16,4.35,4.58,4.7,4.64,4.22,3.96,3.66,3.6,3.51,3.74,3.53
2022-12-14,3.91,4.14,4.33,4.58,4.68,4.64,4.23,3.94,3.64,3.59,3.49,3.74,3.52
2022-12-15,3.95,4.24,4.34,4.56,4.7,4.65,4.23,3.96,3.62,3.56,3.44,3.69,3.48
2022-12-16,3.94,4.22,4.31,4.54,4.68,4.61,4.17,3.91,3.61,3.58,3.48,3.73,3.53
2022-12-19,3.95,4.24,4.37,4.57,4.71,4.64,4.25,3.99,3.7,3.67,3.57,3.82,3.62
2022-12-20,3.89,4.23,4.35,4.55,4.7,4.64,4.25,4.03,3.79,3.78,3.69,3.94,3.74
2022-12-21,3.9,4.23,4.33,4.57,4.67,4.6,4.21,4.0,3.78,3.77,3.68,3.93,3.74
2022-12-22,3.8,4.2,4.35,4.57,4.66,4.64,4.24,4.02,3.79,3.77,3.67,3.91,3.73
2022-12-23,3.8,4.2,4.34,4.59,4.67,4.66,4.31,4.09,3.86,3.83,3.75,3.99,3.82
2022-12-27,3.87,4.32,4.46,4.66,4.76,4.75,4.32,4.17,3.94,3.93,3.84,4.1,3.93
2022-12-28,3.86,4.33,4.46,4.66,4.75,4.71,4.31,4.18,3.97,3.97,3.88,4.13,3.98
2022-12-29,4.04,4.39,4.45,4.66,4.73,4.71,4.34,4.16,3.94,3.91,3.83,4.09,3.92
2022-12-30,4.12,4.41,4.42,4.69,4.76,4.73,4.41,4.22,3.99,3.96,3.88,4.14,3.97
2023-01-03,4.17,4.42,4.53,4.7,4.77,4.72,4.4,4.18,3.94,3.89,3.79,4.06,3.88
2023-01-04,4.2,4.42,4.55,4.69,4.77,4.71,4.36,4.11,3.85,3.79,3.69,3.97,3.81
2023-01-05,4.3,4.55,4.66,4.75,4.81,4.78,4.45,4.18,3.9,3.82,3.71,3.96,3.78
2023-01-06,4.32,4.55,4.67,4.74,4.79,4.71,4.24,3.96,3.69,3.63,3.55,3.84,3.67
2023-01-09,4.37,4.58,4.7,4.74,4.83,4.69,4.19,3.93,3.66,3.6,3.53,3.83,3.66
2023-01-10,4.41,4.62,4.73,4.77,4.85,4.74,4.24,3.94,3.72,3.67,3.61,3.91,3.74
2023-01-11,4.42,4.62,4.72,4.82,4.84,4.73,4.2,3.9,3.66,3.61,3.54,3.84,3.67
2023-01-12,4.57,4.59,4.66,4.74,4.76,4.66,4.12,3.79,3.53,3.48,3.43,3.73,3.56
2023-01-13,4.58,4.59,4.67,4.73,4.77,4.69,4.22,3.88,3.6,3.55,3.49,3.79,3.61
2023-01-17,4.6,4.63,4.71,4.74,4.82,4.67,4.18,3.86,3.6,3.57,3.53,3.81,3.64
2023-01-18,4.59,4.62,4.69,4.74,4.79,4.63,4.06,3.72,3.43,3.4,3.37,3.65,3.54
2023-01-19,4.69,4.66,4.71,4.74,4.79,4.65,4.09,3.76,3.48,3.43,3.39,3.69,3.57
2023-01-20,4.69,4.64,4.72,4.75,4.8,4.68,4.14,3.83,3.56,3.51,3.48,3.77,3.66
2023-01-23,4.69,4.65,4.73,4.76,4.82,4.7,4.21,3.88,3.61,3.56,3.52,3.8,3.69
2023-01-24,4.7,4.67,4.72,4.75,4.84,4.7,4.12,3.86,3.58,3.52,3.46,3.73,3.62
2023-01-25,4.67,4.65,4.72,4.75,4.79,4.67,4.11,3.84,3.54,3.51,3.46,3.74,3.62
2023-01-26,4.61,4.65,4.71,4.76,4.79,4.68,4.17,3.88,3.58,3.54,3.49,3.75,3.62
2023-01-27,4.61,4.64,4.73,4.76,4.81,4.68,4.19,3.9,3.62,3.58,3.52,3.77,3.64
2023-01-30,4.6,4.64,4.72,4.76,4.82,4.71,4.25,3.96,3.68,3.62,3.55,3.79,3.66
2023-01-31,4.58,4.64,4.7,4.74,4.8,4.68,4.21,3.9,3.63,3.59,3.52,3.78,3.65
2023-02-01,4.59,4.63,4.66,4.77,4.79,4.66,4.09,3.75,3.48,3.43,3.39,3.67,3.55
2023-02-02,4.62,4.65,4.66,4.75,4.76,4.64,4.09,3.75,3.49,3.44,3.4,3.67,3.55
2023-02-03,4.61,4.67,4.7,4.8,4.82,4.79,4.3,3.96,3.67,3.61,3.53,3.77,3.63
2023-02-06,4.61,4.67,4.71,4.81,4.89,4.85,4.44,4.1,3.81,3.73,3.63,3.82,3.67
2023-02-07,4.62,4.68,4.71,4.8,4.89,4.88,4.47,4.11,3.85,3.78,3.67,3.87,3.72
2023-02-08,4.64,4.69,4.72,4.85,4.88,4.87,4.45,4.08,3.82,3.75,3.63,3.86,3.7
2023-02-09,4.66,4.77,4.77,4.87,4.9,4.88,4.48,4.15,3.87,3.79,3.67,3.9,3.75
2023-02-10,4.66,4.77,4.79,4.89,4.89,4.89,4.5,4.19,3.93,3.86,3.74,3.96,3.83
2023-02-13,4.66,4.78,4.81,4.9,4.99,4.91,4.52,4.22,3.93,3.84,3.72,3.92,3.79
2023-02-14,4.63,4.78,4.8,4.91,4.98,4.99,4.6,4.32,4.0,3.9,3.77,3.94,3.81
2023-02-15,4.64,4.79,4.79,4.94,4.97,4.96,4.62,4.35,4.04,3.94,3.81,3.97,3.85
2023-02-16,4.66,4.8,4.84,4.95,4.98,4.99,4.62,4.35,4.06,3.98,3.86,4.05,3.92
2023-02-17,4.64,4.81,4.84,4.95,4.99,5.0,4.6,4.33,4.03,3.95,3.82,4.01,3.88
2023-02-21,4.63,4.83,4.86,4.98,5.07,5.07,4.67,4.44,4.16,4.08,3.95,4.12,3.98
2023-02-22,4.62,4.81,4.84,5.0,5.08,5.07,4.66,4.43,4.13,4.07,3.93,4.09,3.94
2023-02-23,4.66,4.83,4.84,5.0,5.05,5.03,4.66,4.4,4.09,4.02,3.88,4.04,3.88
2023-02-24,4.68,4.83,4.86,5.02,5.06,5.05,4.78,4.52,4.19,4.1,3.95,4.11,3.93
2023-02-27,4.67,4.83,4.89,5.02,5.18,5.03,4.78,4.49,4.17,4.08,3.92,4.11,3.93
2023-02-28,4.65,4.81,4.88,5.0,5.17,5.02,4.81,4.51,4.18,4.07,3.92,4.1,3.93
2023-03-01,4.67,4.82,4.9,5.02,5.2,5.06,4.89,4.61,4.27,4.17,4.01,4.17,3.97
2023-03-02,4.75,4.8,4.91,5.02,5.18,5.04,4.89,4.63,4.32,4.24,4.08,4.24,4.03
2023-03-03,4.75,4.79,4.91,5.01,5.18,5.03,4.86,4.6,4.26,4.15,3.97,4.12,3.9
2023-03-06,4.75,4.79,4.93,5.02,5.22,5.05,4.89,4.61,4.27,4.16,3.98,4.14,3.92
2023-03-07,4.8,4.88,5.04,5.12,5.32,5.22,5.0,4.66,4.31,4.17,3.97,4.11,3.88
2023-03-08,4.77,4.88,5.06,5.21,5.34,5.25,5.05,4.71,4.34,4.19,3.98,4.11,3.88
2023-03-09,4.83,4.96,5.05,5.19,5.32,5.18,4.9,4.56,4.22,4.1,3.93,4.09,3.88
2023-03-10,4.81,4.91,5.01,5.08,5.17,4.9,4.6,4.31,3.96,3.86,3.7,3.9,3.7
2023-03-13,4.62,4.81,4.87,4.87,4.81,4.3,4.03,3.88,3.68,3.65,3.55,3.85,3.7
2023-03-14,4.47,4.77,4.88,4.95,4.93,4.45,4.2,4.05,3.78,3.74,3.64,3.91,3.77
2023-03-15,4.23,4.56,4.75,4.85,4.73,4.19,3.93,3.83,3.59,3.57,3.51,3.82,3.7
2023-03-16,4.22,4.66,4.74,4.92,4.94,4.49,4.14,3.99,3.72,3.67,3.56,3.87,3.71
2023-03-17,4.31,4.51,4.52,4.79,4.71,4.26,3.81,3.68,3.44,3.45,3.39,3.76,3.6
2023-03-20,4.34,4.56,4.81,4.84,4.8,4.34,3.92,3.77,3.56,3.55,3.47,3.83,3.65
2023-03-21,4.07,4.5,4.78,4.89,4.96,4.68,4.17,3.98,3.73,3.68,3.59,3.9,3.73
2023-03-22,4.16,4.56,4.79,4.91,4.95,4.56,3.96,3.76,3.54,3.53,3.48,3.83,3.68
2023-03-23,4.26,4.48,4.73,4.84,4.8,4.38,3.76,3.57,3.39,3.39,3.38,3.78,3.66
2023-03-24,4.28,4.48,4.74,4.78,4.76,4.32,3.76,3.58,3.41,3.4,3.38,3.77,3.64
2023-03-27,4.22,4.47,4.91,4.9,4.86,4.51,3.94,3.79,3.59,3.57,3.53,3.9,3.77
2023-03-28,4.24,4.39,4.8,4.86,4.9,4.55,4.02,3.84,3.63,3.6,3.55,3.9,3.77
2023-03-29,4.34,4.5,4.8,4.91,4.92,4.59,4.08,3.87,3.67,3.62,3.57,3.91,3.78
2023-03-30,4.74,4.77,4.97,4.94,4.92,4.63,4.1,3.87,3.66,3.61,3.55,3.88,3.74
2023-03-31,4.74,4.79,4.85,4.97,4.94,4.64,4.06,3.81,3.6,3.55,3.48,3.81,3.67
2023-04-03,4.7,4.79,4.9,4.98,4.88,4.6,3.97,3.73,3.52,3.48,3.43,3.78,3.64
2023-04-04,4.66,4.8,4.88,4.9,4.8,4.5,3.84,3.6,3.39,3.38,3.35,3.72,3.6
2023-04-05,4.62,4.77,4.86,4.9,4.82,4.43,3.79,3.55,3.36,3.34,3.3,3.67,3.56
2023-04-06,4.57,4.85,4.91,4.98,4.93,4.51,3.82,3.59,3.37,3.34,3.3,3.66,3.54
2023-04-07,4.56,4.9,4.95,5.07,4.95,4.61,3.97,3.72,3.49,3.45,3.39,3.73,3.61
2023-04-10,4.53,4.89,5.08,5.08,4.98,4.65,4.0,3.75,3.52,3.47,3.41,3.74,3.62
2023-04-11,4.27,4.89,5.04,5.06,4.99,4.67,4.03,3.76,3.54,3.48,3.43,3.75,3.62
2023-04-12,4.27,4.89,5.02,5.1,4.98,4.64,3.95,3.68,3.46,3.43,3.41,3.75,3.64
2023-04-13,4.08,4.96,5.1,5.1,4.95,4.66,3.96,3.7,3.51,3.48,3.45,3.8,3.69
2023-04-14,4.29,4.98,5.14,5.16,5.03,4.77,4.08,3.83,3.6,3.56,3.52,3.85,3.74
2023-04-17,4.09,5.04,5.21,5.24,5.07,4.8,4.18,3.92,3.69,3.64,3.6,3.92,3.81
2023-04-18,3.89,5.04,5.2,5.19,5.09,4.81,4.19,3.92,3.69,3.63,3.58,3.91,3.79
2023-04-19,3.95,5.03,5.16,5.22,5.1,4.84,4.24,3.97,3.71,3.66,3.6,3.9,3.79
2023-04-20,3.4,5.04,5.12,5.17,5.06,4.77,4.14,3.87,3.63,3.59,3.54,3.87,3.75
2023-04-21,3.36,4.98,5.14,5.19,5.07,4.78,4.17,3.89,3.66,3.62,3.57,3.9,3.78
2023-04-24,3.54,5.09,5.2,5.15,5.06,4.76,4.12,3.84,3.6,3.56,3.52,3.85,3.73
2023-04-25,4.11,5.05,5.12,5.11,4.98,4.6,3.86,3.62,3.43,3.42,3.4,3.77,3.65
2023-04-26,3.91,5.07,5.16,5.17,5.0,4.64,3.9,3.65,3.46,3.45,3.43,3.81,3.7
2023-04-27,4.27,5.13,5.18,5.21,5.05,4.78,4.07,3.82,3.6,3.57,3.53,3.88,3.76
2023-04-28,4.35,5.14,5.1,5.2,5.06,4.8,4.04,3.75,3.51,3.49,3.44,3.8,3.67
2023-05-01,4.49,5.17,5.27,5.22,5.14,4.86,4.14,3.85,3.64,3.62,3.59,3.95,3.84
2023-05-02,4.56,5.33,5.24,5.19,5.06,4.74,3.97,3.67,3.46,3.44,3.44,3.82,3.72
2023-05-03,4.7,5.33,5.26,5.25,5.08,4.7,3.89,3.58,3.37,3.37,3.38,3.79,3.7
2023-05-04,5.76,5.24,5.26,5.23,5.04,4.59,3.75,3.47,3.29,3.32,3.37,3.8,3.73
2023-05-05,5.59,5.23,5.26,5.26,5.13,4.73,3.92,3.63,3.41,3.41,3.44,3.85,3.76
2023-05-08,5.51,5.17,5.31,5.26,5.14,4.79,4.0,3.7,3.49,3.5,3.52,3.92,3.84
2023-05-09,5.56,5.16,5.29,5.27,5.18,4.81,4.01,3.67,3.51,3.51,3.53,3.94,3.85
2023-05-10,5.5,4.99,5.24,5.24,5.13,4.7,3.9,3.55,3.37,3.4,3.43,3.88,3.8
2023-05-11,5.81,4.82,5.2,5.23,5.14,4.7,3.89,3.56,3.36,3.37,3.39,3.82,3.73
2023-05-12,5.79,4.87,5.25,5.27,5.16,4.75,3.98,3.65,3.45,3.45,3.46,3.87,3.78
2023-05-15,5.64,4.97,5.21,5.26,5.24,4.73,3.99,3.67,3.46,3.48,3.5,3.92,3.84
2023-05-16,5.58,4.98,5.23,5.24,5.26,4.88,4.06,3.74,3.52,3.53,3.54,3.96,3.87
2023-05-17,5.5,5.06,5.26,5.36,5.3,4.92,4.12,3.8,3.58,3.58,3.57,3.96,3.88
2023-05-18,5.59,5.22,5.31,5.43,5.38,5.02,4.24,3.94,3.69,3.67,3.65,4.02,3.91
2023-05-19,5.62,5.27,5.29,5.46,5.36,5.02,4.28,3.98,3.76,3.74,3.7,4.07,3.95
2023-05-22,5.69,5.35,5.4,5.5,5.43,5.07,4.29,3.98,3.77,3.74,3.72,4.09,3.97
2023-05-23,5.67,5.26,5.34,5.42,5.39,5.06,4.26,3.99,3.76,3.73,3.7,4.08,3.96
2023-05-24,5.73,5.22,5.37,5.52,5.42,5.12,4.31,4.04,3.75,3.76,3.73,4.1,3.97
2023-05-25,5.95,5.44,5.38,5.55,5.46,5.24,4.5,4.21,3.9,3.86,3.83,4.16,4.01
2023-05-26,6.02,5.47,5.34,5.55,5.44,5.25,4.54,4.23,3.92,3.86,3.8,4.13,3.96
2023-05-30,5.31,5.31,5.55,5.54,5.52,5.22,4.46,4.1,3.81,3.75,3.69,4.06,3.9
2023-05-31,5.28,5.37,5.52,5.53,5.46,5.18,4.4,4.04,3.74,3.69,3.64,4.01,3.85
2023-06-01,5.3,5.39,5.5,5.5,5.44,5.11,4.33,3.98,3.7,3.66,3.61,3.98,3.84
2023-06-02,5.28,5.39,5.5,5.52,5.5,5.22,4.5,4.13,3.84,3.78,3.69,4.03,3.88
2023-06-05,5.25,5.35,5.46,5.47,5.46,5.17,4.46,4.1,3.82,3.77,3.69,4.03,3.89
2023-06-06,5.15,5.26,5.44,5.44,5.44,5.2,4.51,4.15,3.85,3.78,3.7,4.02,3.87
2023-06-07,5.07,5.26,5.42,5.42,5.43,5.16,4.56,4.21,3.93,3.88,3.79,4.12,3.95
2023-06-08,5.25,5.29,5.38,5.42,5.39,5.12,4.52,4.17,3.87,3.8,3.73,4.05,3.89
2023-06-09,5.25,5.32,5.37,5.45,5.39,5.17,4.59,4.23,3.92,3.84,3.75,4.05,3.89
2023-06-12,5.24,5.31,5.4,5.43,5.38,5.18,4.55,4.16,3.89,3.82,3.73,4.04,3.87
2023-06-13,5.19,5.24,5.36,5.37,5.36,5.26,4.67,4.3,4.01,3.94,3.84,4.12,3.94
2023-06-14,5.18,5.25,5.36,5.37,5.36,5.27,4.74,4.37,4.06,3.95,3.83,4.09,3.9
2023-06-15,5.18,5.25,5.33,5.37,5.33,5.21,4.62,4.23,3.91,3.82,3.72,4.02,3.85
2023-06-16,5.18,5.27,5.34,5.38,5.35,5.24,4.7,4.32,3.99,3.88,3.77,4.05,3.86
2023-06-20,5.17,5.26,5.39,5.39,5.41,5.24,4.68,4.29,3.96,3.85,3.74,4.01,3.83
2023-06-21,5.16,5.27,5.4,5.44,5.41,5.25,4.68,4.29,3.95,3.84,3.72,3.99,3.81
2023-06-22,5.18,5.31,5.4,5.44,5.41,5.29,4.77,4.37,4.03,3.92,3.8,4.06,3.88
2023-06-23,5.17,5.3,5.41,5.44,5.41,5.25,4.71,4.32,3.99,3.88,3.74,4.01,3.82
2023-06-26,5.17,5.31,5.5,5.44,5.45,5.27,4.65,4.3,3.96,3.85,3.72,4.01,3.83
2023-06-27,5.17,5.31,5.44,5.44,5.46,5.33,4.74,4.38,4.02,3.9,3.77,4.03,3.84
2023-06-28,5.17,5.32,5.44,5.49,5.47,5.32,4.71,4.32,3.97,3.83,3.71,4.0,3.81
2023-06-29,5.25,5.4,5.46,5.51,5.5,5.41,4.87,4.49,4.14,3.99,3.85,4.11,3.92
2023-06-30,5.24,5.39,5.43,5.5,5.47,5.4,4.87,4.49,4.13,3.97,3.81,4.06,3.85
2023-07-03,5.27,5.4,5.44,5.52,5.53,5.43,4.94,4.56,4.19,4.03,3.86,4.08,3.87
2023-07-05,5.28,5.38,5.44,5.51,5.52,5.4,4.94,4.59,4.25,4.11,3.95,4.17,3.95
2023-07-06,5.32,5.47,5.46,5.52,5.54,5.44,4.99,4.68,4.37,4.22,4.05,4.23,4.01
2023-07-07,5.32,5.47,5.46,5.52,5.53,5.41,4.94,4.64,4.35,4.23,4.06,4.27,4.05
2023-07-10,5.34,5.47,5.48,5.53,5.54,5.38,4.85,4.54,4.25,4.14,4.01,4.24,4.05
2023-07-11,5.35,5.48,5.49,5.53,5.55,5.44,4.88,4.52,4.24,4.13,3.99,4.22,4.03
2023-07-12,5.36,5.49,5.47,5.52,5.53,5.35,4.72,4.36,4.07,3.97,3.86,4.14,3.96
2023-07-13,5.37,5.5,5.47,5.51,5.49,5.27,4.59,4.21,3.93,3.85,3.76,4.07,3.9
2023-07-14,5.37,5.49,5.49,5.53,5.52,5.34,4.74,4.35,4.04,3.94,3.83,4.11,3.93
2023-07-17,5.37,5.51,5.49,5.53,5.52,5.33,4.74,4.34,4.02,3.91,3.81,4.1,3.94
2023-07-18,5.37,5.5,5.49,5.53,5.51,5.32,4.74,4.35,4.0,3.9,3.8,4.08,3.91
2023-07-19,5.37,5.51,5.49,5.54,5.51,5.32,4.74,4.34,3.98,3.87,3.75,4.01,3.84
2023-07-20,5.44,5.53,5.49,5.54,5.52,5.35,4.8,4.43,4.08,3.98,3.85,4.1,3.91
2023-07-21,5.43,5.54,5.5,5.54,5.53,5.35,4.82,4.44,4.09,3.97,3.84,4.1,3.91
2023-07-24,5.44,5.54,5.51,5.55,5.55,5.38,4.81,4.48,4.13,4.0,3.86,4.11,3.92
2023-07-25,5.46,5.54,5.51,5.55,5.57,5.38,4.85,4.53,4.15,4.05,3.91,4.14,3.95
2023-07-26,5.46,5.53,5.51,5.57,5.55,5.37,4.82,4.47,4.09,3.99,3.86,4.12,3.94
2023-07-27,5.47,5.55,5.51,5.58,5.56,5.4,4.91,4.58,4.24,4.13,4.01,4.26,4.06
2023-07-28,5.47,5.54,5.52,5.57,5.54,5.37,4.87,4.52,4.18,4.08,3.96,4.22,4.03
2023-07-31,5.48,5.54,5.55,5.56,5.53,5.37,4.88,4.51,4.18,4.08,3.97,4.22,4.02
2023-08-01,5.49,5.54,5.54,5.57,5.54,5.38,4.92,4.57,4.24,4.15,4.05,4.3,4.11
2023-08-02,5.48,5.53,5.53,5.54,5.52,5.36,4.88,4.54,4.24,4.17,4.08,4.35,4.17
2023-08-03,5.54,5.52,5.54,5.53,5.52,5.37,4.9,4.58,4.3,4.26,4.2,4.49,4.32
2023-08-04,5.54,5.51,5.54,5.52,5.5,5.33,4.78,4.45,4.15,4.1,4.05,4.36,4.21
2023-08-07,5.54,5.51,5.56,5.53,5.53,5.3,4.76,4.44,4.16,4.13,4.09,4.42,4.27
2023-08-08,5.54,5.53,5.57,5.52,5.53,5.35,4.74,4.36,4.1,4.06,4.02,4.35,4.2
2023-08-09,5.51,5.52,5.55,5.34,5.54,5.35,4.79,4.41,4.12,4.07,4.0,4.33,4.18
2023-08-10,5.55,5.52,5.54,5.53,5.52,5.33,4.82,4.47,4.21,4.17,4.09,4.41,4.24
2023-08-11,5.54,5.51,5.54,5.54,5.52,5.36,4.89,4.56,4.31,4.26,4.16,4.45,4.27
2023-08-14,5.55,5.52,5.56,5.53,5.56,5.37,4.96,4.64,4.36,4.29,4.19,4.46,4.29
2023-08-15,5.53,5.52,5.56,5.51,5.55,5.36,4.92,4.64,4.36,4.31,4.21,4.49,4.32
2023-08-16,5.52,5.53,5.56,5.54,5.54,5.37,4.97,4.68,4.42,4.37,4.28,4.55,4.38
2023-08-17,5.55,5.52,5.56,5.54,5.53,5.36,4.94,4.67,4.42,4.38,4.3,4.58,4.41
2023-08-18,5.53,5.52,5.55,5.54,5.52,5.35,4.92,4.63,4.38,4.34,4.26,4.55,4.38
2023-08-21,5.55,5.53,5.57,5.55,5.58,5.37,4.97,4.7,4.46,4.42,4.34,4.64,4.45
2023-08-22,5.54,5.53,5.57,5.55,5.57,5.39,5.02,4.75,4.49,4.44,4.34,4.61,4.42
2023-08-23,5.54,5.53,5.57,5.56,5.55,5.35,4.95,4.64,4.36,4.3,4.19,4.46,4.27
2023-08-24,5.55,5.53,5.58,5.57,5.59,5.39,4.98,4.69,4.39,4.34,4.23,4.49,4.3
2023-08-25,5.56,5.53,5.61,5.59,5.61,5.44,5.03,4.72,4.44,4.37,4.25,4.5,4.3
2023-08-28,5.56,5.53,5.58,5.6,5.56,5.44,4.98,4.69,4.38,4.32,4.2,4.48,4.29
2023-08-29,5.54,5.53,5.56,5.57,5.52,5.37,4.87,4.56,4.26,4.21,4.12,4.42,4.23
2023-08-30,5.55,5.53,5.56,5.6,5.51,5.39,4.9,4.57,4.27,4.22,4.12,4.42,4.23
2023-08-31,5.52,5.55,5.56,5.61,5.48,5.37,4.85,4.54,4.23,4.19,4.09,4.39,4.2
2023-09-01,5.51,5.55,5.53,5.58,5.47,5.36,4.87,4.57,4.29,4.27,4.18,4.48,4.29
2023-09-05,5.51,5.56,5.55,5.59,5.51,5.42,4.94,4.65,4.37,4.35,4.27,4.56,4.38
2023-09-06,5.52,5.55,5.55,5.6,5.52,5.44,5.01,4.73,4.44,4.39,4.3,4.56,4.37
2023-09-07,5.52,5.56,5.53,5.59,5.5,5.4,4.94,4.66,4.38,4.35,4.27,4.55,4.36
2023-09-08,5.52,5.56,5.55,5.6,5.49,5.42,4.98,4.68,4.39,4.35,4.26,4.52,4.33
2023-09-11,5.52,5.56,5.55,5.58,5.51,5.4,4.97,4.64,4.4,4.37,4.29,4.56,4.37
2023-09-12,5.52,5.56,5.56,5.58,5.53,5.42,4.98,4.66,4.41,4.36,4.27,4.54,4.35
2023-09-13,5.53,5.56,5.55,5.6,5.51,5.42,4.96,4.64,4.39,4.34,4.25,4.52,4.34
2023-09-14,5.52,5.57,5.55,5.59,5.5,5.42,5.0,4.68,4.42,4.38,4.29,4.57,4.39
2023-09-15,5.51,5.56,5.56,5.6,5.49,5.43,5.02,4.72,4.45,4.41,4.33,4.59,4.42
2023-09-18,5.53,5.56,5.55,5.6,5.51,5.44,5.05,4.74,4.46,4.41,4.32,4.57,4.4
2023-09-19,5.53,5.56,5.54,5.59,5.51,5.45,5.08,4.79,4.51,4.47,4.37,4.6,4.43
2023-09-20,5.53,5.57,5.56,5.61,5.51,5.47,5.12,4.82,4.52,4.46,4.35,4.57,4.4
2023-09-21,5.52,5.57,5.57,5.61,5.52,5.46,5.12,4.85,4.61,4.57,4.49,4.74,4.56
2023-09-22,5.52,5.58,5.56,5.61,5.52,5.46,5.1,4.8,4.57,4.53,4.44,4.7,4.53
2023-09-25,5.54,5.58,5.58,5.6,5.52,5.45,5.09,4.83,4.62,4.61,4.55,4.84,4.67
2023-09-26,5.54,5.58,5.58,5.61,5.53,5.45,5.04,4.84,4.62,4.62,4.56,4.86,4.7
2023-09-27,5.54,5.59,5.58,5.62,5.53,5.49,5.1,4.89,4.67,4.69,4.61,4.91,4.73
2023-09-28,5.56,5.61,5.56,5.61,5.53,5.46,5.04,4.83,4.62,4.63,4.59,4.9,4.71
2023-09-29,5.55,5.6,5.55,5.61,5.53,5.46,5.03,4.8,4.6,4.61,4.59,4.92,4.73
2023-10-02,5.56,5.6,5.62,5.62,5.58,5.49,5.12,4.88,4.72,4.73,4.69,5.0,4.81
2023-10-03,5.55,5.6,5.62,5.62,5.58,5.49,5.15,4.95,4.8,4.84,4.81,5.13,4.95
2023-10-04,5.56,5.58,5.61,5.62,5.57,5.42,5.05,4.85,4.72,4.75,4.73,5.05,4.87
2023-10-05,5.57,5.59,5.61,5.62,5.56,5.39,5.03,4.82,4.68,4.73,4.72,5.06,4.89
2023-10-06,5.59,5.6,5.63,5.64,5.59,5.43,5.08,4.87,4.75,4.79,4.78,5.13,4.95
2023-10-10,5.6,5.61,5.61,5.63,5.57,5.37,4.96,4.74,4.62,4.66,4.66,5.03,4.85
2023-10-11,5.58,5.59,5.61,5.63,5.56,5.38,4.99,4.73,4.59,4.61,4.58,4.92,4.73
2023-10-12,5.61,5.59,5.63,5.63,5.58,5.43,5.06,4.82,4.69,4.73,4.7,5.05,4.86
2023-10-13,5.6,5.58,5.62,5.62,5.57,5.41,5.04,4.8,4.65,4.66,4.63,4.97,4.78
2023-10-16,5.57,5.58,5.61,5.63,5.58,5.42,5.09,4.87,4.72,4.74,4.71,5.06,4.87
2023-10-17,5.58,5.58,5.62,5.64,5.6,5.48,5.19,5.01,4.86,4.88,4.83,5.14,4.94
2023-10-18,5.57,5.56,5.61,5.62,5.58,5.47,5.19,5.03,4.92,4.95,4.91,5.2,5.0
2023-10-19,5.58,5.57,5.6,5.62,5.56,5.44,5.14,5.01,4.95,5.0,4.98,5.3,5.11
2023-10-20,5.56,5.56,5.58,5.61,5.54,5.41,5.07,4.93,4.86,4.93,4.93,5.27,5.09
2023-10-23,5.57,5.57,5.58,5.59,5.56,5.42,5.05,4.89,4.81,4.87,4.86,5.19,5.01
2023-10-24,5.57,5.57,5.58,5.6,5.57,5.41,5.02,4.91,4.82,4.86,4.83,5.15,4.96
2023-10-25,5.56,5.57,5.59,5.61,5.57,5.43,5.08,4.98,4.89,4.98,4.95,5.27,5.09
2023-10-26,5.57,5.57,5.59,5.6,5.55,5.39,5.02,4.89,4.79,4.86,4.86,5.19,5.01
2023-10-27,5.57,5.57,5.59,5.6,5.55,5.39,4.99,4.84,4.76,4.83,4.84,5.19,5.03
2023-10-30,5.56,5.57,5.6,5.61,5.53,5.41,5.03,4.87,4.8,4.88,4.88,5.21,5.04
2023-10-31,5.56,5.57,5.59,5.61,5.54,5.44,5.07,4.9,4.82,4.89,4.88,5.21,5.04
2023-11-01,5.56,5.55,5.57,5.54,5.51,5.37,4.95,4.76,4.67,4.75,4.77,5.13,4.96
2023-11-02,5.52,5.56,5.54,5.53,5.5,5.38,4.98,4.78,4.65,4.68,4.67,4.99,4.82
2023-11-03,5.53,5.56,5.53,5.5,5.45,5.29,4.83,4.62,4.49,4.55,4.57,4.93,4.77
2023-11-06,5.53,5.56,5.56,5.49,5.47,5.33,4.93,4.72,4.6,4.66,4.67,5.0,4.84
2023-11-07,5.53,5.56,5.55,5.48,5.47,5.33,4.91,4.64,4.53,4.58,4.58,4.91,4.75
2023-11-08,5.52,5.54,5.54,5.49,5.46,5.34,4.93,4.65,4.51,4.54,4.49,4.82,4.64
2023-11-09,5.53,5.56,5.54,5.5,5.46,5.39,5.03,4.77,4.65,4.68,4.62,4.97,4.77
